Order_ID,Product_ID,Date,QTY,Year,Prices
1,DE-e1-16,21-May-24,451,2019,50000
2,DE-e1-16,20-May-24,485,2019,50000
3,DE-e1-16,08-May-24,576,2019,50000
4,DE-e1-16,27-May-24,800,2019,50000
5,DE-e1-16,03-May-24,687,2019,50000
6,DE-e1-16,16-May-24,268,2019,50000
7,DE-e1-16,30-May-24,191,2019,50000
8,DE-e1-16,02-May-24,202,2019,50000
9,DE-e1-16,13-May-24,370,2019,50000
10,DE-e1-16,08-May-24,530,2019,50000
11,DE-e1-16,29-May-24,306,2019,50000
12,DE-e1-16,13-May-24,1306,2019,50000
13,DE-e1-16,28-May-24,709,2020,50000
14,DE-e1-16,11-May-24,180,2020,50000
15,DE-e1-16,29-May-24,361,2020,50000
16,DE-e1-16,02-May-24,276,2020,50000
17,DE-e1-16,07-May-24,1001,2020,50000
18,DE-e1-16,10-May-24,7,2020,50000
19,DE-e1-16,23-May-24,635,2020,50000
20,DE-e1-16,06-May-24,57,2020,50000
21,DE-e1-16,12-May-24,9,2020,50000
22,DE-e1-16,13-May-24,320,2020,50000
23,DE-e1-16,02-May-24,1300,2020,50000
24,DE-e1-16,04-May-24,545,2020,50000
25,DE-e1-16,25-May-24,759,2021,50000
26,DE-e1-16,24-May-24,501,2021,50000
27,DE-e1-16,03-May-24,360,2021,50000
28,DE-e1-16,03-May-24,1332,2021,50000
29,DE-e1-16,04-May-24,65,2021,50000
30,DE-e1-16,04-May-24,29,2021,50000
31,DE-e1-16,17-May-24,433,2021,50000
32,DE-e1-16,11-May-24,607,2021,50000
33,DE-e1-16,14-May-24,807,2021,50000
34,DE-e1-16,10-May-24,510,2021,50000
35,DE-e1-16,03-May-24,6,2021,50000
36,DE-e1-16,18-May-24,470,2021,50000
37,DE-e1-16,13-May-24,169,2022,50000
38,DE-e1-16,16-May-24,616,2022,50000
39,DE-e1-16,24-May-24,230,2022,50000
40,DE-e1-16,26-May-24,917,2022,50000
41,DE-e1-16,20-May-24,1509,2022,50000
42,DE-e1-16,08-May-24,77,2022,50000
43,DE-e1-16,05-May-24,996,2022,50000
44,DE-e1-16,17-May-24,519,2022,50000
45,DE-e1-16,21-May-24,56,2022,50000
46,DE-e1-16,18-May-24,197,2022,50000
47,DE-e1-16,27-May-24,653,2022,50000
48,DE-e1-16,18-May-24,419,2022,50000
49,DE-e1-16,02-May-24,1049,2023,50000
50,DE-e1-16,28-May-24,536,2023,50000
51,DE-e1-16,08-May-24,168,2023,50000
52,DE-e1-16,19-May-24,151,2023,50000
53,DE-e1-16,18-May-24,905,2023,50000
54,DE-e1-16,23-May-24,1012,2023,50000
55,DE-e1-16,11-May-24,814,2023,50000
56,DE-e1-16,04-May-24,305,2023,50000
57,DE-e1-16,02-May-24,571,2023,50000
58,DE-e1-16,09-May-24,353,2023,50000
59,DE-e1-16,23-May-24,515,2023,50000
60,DE-e1-16,29-May-24,257,2023,50000
61,DE-e1-16,28-May-24,813,2024,50000
62,DE-e1-16,30-May-24,1772,2024,50000
63,DE-e1-16,20-May-24,236,2024,50000
64,DE-e1-16,30-May-24,1178,2024,50000
65,DE-e1-16,28-May-24,1424,2024,50000
66,DE-i1-18,02-May-24,367,2019,500000
67,DE-i1-18,10-May-24,415,2019,500000
68,DE-i1-18,27-May-24,673,2019,500000
69,DE-i1-18,08-May-24,86,2019,500000
70,DE-i1-18,08-May-24,47,2019,500000
71,DE-i1-18,23-May-24,560,2019,500000
72,DE-i1-18,23-May-24,136,2019,500000
73,DE-i1-18,21-May-24,875,2019,500000
74,DE-i1-18,02-May-24,802,2019,500000
75,DE-i1-18,01-May-24,138,2019,500000
76,DE-i1-18,18-May-24,436,2019,500000
77,DE-i1-18,03-May-24,466,2019,500000
78,DE-i1-18,22-May-24,445,2020,500000
79,DE-i1-18,24-May-24,537,2020,500000
80,DE-i1-18,25-May-24,90,2020,500000
81,DE-i1-18,06-May-24,607,2020,500000
82,DE-i1-18,01-May-24,40,2020,500000
83,DE-i1-18,26-May-24,67,2020,500000
84,DE-i1-18,02-May-24,704,2020,500000
85,DE-i1-18,11-May-24,8,2020,500000
86,DE-i1-18,05-May-24,525,2020,500000
87,DE-i1-18,10-May-24,13,2020,500000
88,DE-i1-18,25-May-24,1395,2020,500000
89,DE-i1-18,05-May-24,119,2020,500000
90,DE-i1-18,01-May-24,977,2021,500000
91,DE-i1-18,08-May-24,94,2021,500000
92,DE-i1-18,14-May-24,739,2021,500000
93,DE-i1-18,17-May-24,554,2021,500000
94,DE-i1-18,03-May-24,309,2021,500000
95,DE-i1-18,11-May-24,204,2021,500000
96,DE-i1-18,08-May-24,710,2021,500000
97,DE-i1-18,01-May-24,252,2021,500000
98,DE-i1-18,06-May-24,1152,2021,500000
99,DE-i1-18,29-May-24,1081,2021,500000
100,DE-i1-18,13-May-24,128,2021,500000
101,DE-i1-18,22-May-24,473,2021,500000
102,DE-i1-18,23-May-24,100,2022,500000
103,DE-i1-18,01-May-24,42,2022,500000
104,DE-i1-18,30-May-24,152,2022,500000
105,DE-i1-18,15-May-24,954,2022,500000
106,DE-i1-18,25-May-24,563,2022,500000
107,DE-i1-18,25-May-24,457,2022,500000
108,DE-i1-18,12-May-24,600,2022,500000
109,DE-i1-18,11-May-24,11,2022,500000
110,DE-i1-18,28-May-24,1033,2022,500000
111,DE-i1-18,22-May-24,1705,2022,500000
112,DE-i1-18,19-May-24,688,2022,500000
113,DE-i1-18,16-May-24,92,2022,500000
114,DE-i1-18,29-May-24,118,2023,500000
115,DE-i1-18,22-May-24,84,2023,500000
116,DE-i1-18,10-May-24,440,2023,500000
117,DE-i1-18,11-May-24,365,2023,500000
118,DE-i1-18,29-May-24,12,2023,500000
119,DE-i1-18,22-May-24,302,2023,500000
120,DE-i1-18,19-May-24,81,2023,500000
121,DE-i1-18,14-May-24,669,2023,500000
122,DE-i1-18,03-May-24,643,2023,500000
123,DE-i1-18,05-May-24,751,2023,500000
124,DE-i1-18,04-May-24,477,2023,500000
125,DE-i1-18,18-May-24,1227,2023,500000
126,DE-i1-18,21-May-24,425,2024,500000
127,DE-i1-18,21-May-24,1059,2024,500000
128,DE-i1-18,20-May-24,798,2024,500000
129,DE-i1-18,26-May-24,861,2024,500000
130,DE-i1-18,06-May-24,867,2024,500000
131,DE-n1-13,02-May-24,228,2019,10000
132,DE-n1-13,03-May-24,263,2019,10000
133,DE-n1-13,07-May-24,302,2019,10000
134,DE-n1-13,11-May-24,1059,2019,10000
135,DE-n1-13,14-May-24,100,2019,10000
136,DE-n1-13,27-May-24,155,2019,10000
137,DE-n1-13,14-May-24,8,2019,10000
138,DE-n1-13,13-May-24,1123,2019,10000
139,DE-n1-13,16-May-24,657,2019,10000
140,DE-n1-13,17-May-24,66,2019,10000
141,DE-n1-13,01-May-24,432,2019,10000
142,DE-n1-13,20-May-24,17,2019,10000
143,DE-n1-13,06-May-24,511,2020,10000
144,DE-n1-13,19-May-24,125,2020,10000
145,DE-n1-13,10-May-24,296,2020,10000
146,DE-n1-13,18-May-24,72,2020,10000
147,DE-n1-13,20-May-24,186,2020,10000
148,DE-n1-13,30-May-24,47,2020,10000
149,DE-n1-13,29-May-24,1169,2020,10000
150,DE-n1-13,17-May-24,284,2020,10000
151,DE-n1-13,03-May-24,132,2020,10000
152,DE-n1-13,13-May-24,125,2020,10000
153,DE-n1-13,29-May-24,636,2020,10000
154,DE-n1-13,17-May-24,189,2020,10000
155,DE-n1-13,11-May-24,27,2021,10000
156,DE-n1-13,07-May-24,205,2021,10000
157,DE-n1-13,10-May-24,558,2021,10000
158,DE-n1-13,13-May-24,211,2021,10000
159,DE-n1-13,27-May-24,299,2021,10000
160,DE-n1-13,28-May-24,215,2021,10000
161,DE-n1-13,04-May-24,224,2021,10000
162,DE-n1-13,06-May-24,533,2021,10000
163,DE-n1-13,27-May-24,28,2021,10000
164,DE-n1-13,19-May-24,541,2021,10000
165,DE-n1-13,15-May-24,272,2021,10000
166,DE-n1-13,23-May-24,848,2021,10000
167,DE-n1-13,19-May-24,508,2022,10000
168,DE-n1-13,07-May-24,589,2022,10000
169,DE-n1-13,14-May-24,148,2022,10000
170,DE-n1-13,18-May-24,46,2022,10000
171,DE-n1-13,30-May-24,564,2022,10000
172,DE-n1-13,15-May-24,326,2022,10000
173,DE-n1-13,23-May-24,250,2022,10000
174,DE-n1-13,15-May-24,59,2022,10000
175,DE-n1-13,06-May-24,748,2022,10000
176,DE-n1-13,16-May-24,181,2022,10000
177,DE-n1-13,29-May-24,820,2022,10000
178,DE-n1-13,03-May-24,231,2022,10000
179,DE-n1-13,24-May-24,930,2023,10000
180,DE-n1-13,23-May-24,249,2023,10000
181,DE-n1-13,11-May-24,136,2023,10000
182,DE-n1-13,17-May-24,702,2023,10000
183,DE-n1-13,17-May-24,213,2023,10000
184,DE-n1-13,28-May-24,59,2023,10000
185,DE-n1-13,14-May-24,87,2023,10000
186,DE-n1-13,26-May-24,807,2023,10000
187,DE-n1-13,03-May-24,154,2023,10000
188,DE-n1-13,14-May-24,1107,2023,10000
189,DE-n1-13,14-May-24,275,2023,10000
190,DE-n1-13,04-May-24,185,2023,10000
191,DE-n1-13,07-May-24,1287,2024,10000
192,DE-n1-13,30-May-24,844,2024,10000
193,DE-n1-13,19-May-24,1647,2024,10000
194,DE-n1-13,28-May-24,953,2024,10000
195,DE-n1-13,11-May-24,663,2024,10000
196,DE-n2-14,28-May-24,207,2019,13000
197,DE-n2-14,23-May-24,956,2019,13000
198,DE-n2-14,30-May-24,1353,2019,13000
199,DE-n2-14,04-May-24,322,2019,13000
200,DE-n2-14,22-May-24,95,2019,13000
201,DE-n2-14,30-May-24,4,2019,13000
202,DE-n2-14,21-May-24,285,2019,13000
203,DE-n2-14,20-May-24,79,2019,13000
204,DE-n2-14,28-May-24,160,2019,13000
205,DE-n2-14,20-May-24,456,2019,13000
206,DE-n2-14,25-May-24,647,2019,13000
207,DE-n2-14,08-May-24,658,2019,13000
208,DE-n2-14,04-May-24,159,2020,13000
209,DE-n2-14,15-May-24,1216,2020,13000
210,DE-n2-14,01-May-24,554,2020,13000
211,DE-n2-14,05-May-24,4,2020,13000
212,DE-n2-14,26-May-24,492,2020,13000
213,DE-n2-14,30-May-24,474,2020,13000
214,DE-n2-14,23-May-24,557,2020,13000
215,DE-n2-14,08-May-24,754,2020,13000
216,DE-n2-14,23-May-24,95,2020,13000
217,DE-n2-14,07-May-24,89,2020,13000
218,DE-n2-14,19-May-24,338,2020,13000
219,DE-n2-14,22-May-24,463,2020,13000
220,DE-n2-14,12-May-24,460,2021,13000
221,DE-n2-14,29-May-24,549,2021,13000
222,DE-n2-14,25-May-24,1024,2021,13000
223,DE-n2-14,07-May-24,61,2021,13000
224,DE-n2-14,15-May-24,450,2021,13000
225,DE-n2-14,16-May-24,190,2021,13000
226,DE-n2-14,12-May-24,585,2021,13000
227,DE-n2-14,07-May-24,305,2021,13000
228,DE-n2-14,12-May-24,1443,2021,13000
229,DE-n2-14,30-May-24,165,2021,13000
230,DE-n2-14,23-May-24,344,2021,13000
231,DE-n2-14,13-May-24,220,2021,13000
232,DE-n2-14,06-May-24,401,2022,13000
233,DE-n2-14,29-May-24,185,2022,13000
234,DE-n2-14,03-May-24,1247,2022,13000
235,DE-n2-14,21-May-24,388,2022,13000
236,DE-n2-14,05-May-24,411,2022,13000
237,DE-n2-14,28-May-24,301,2022,13000
238,DE-n2-14,01-May-24,348,2022,13000
239,DE-n2-14,21-May-24,562,2022,13000
240,DE-n2-14,30-May-24,506,2022,13000
241,DE-n2-14,23-May-24,169,2022,13000
242,DE-n2-14,19-May-24,46,2022,13000
243,DE-n2-14,07-May-24,11,2022,13000
244,DE-n2-14,23-May-24,591,2023,13000
245,DE-n2-14,26-May-24,511,2023,13000
246,DE-n2-14,26-May-24,382,2023,13000
247,DE-n2-14,19-May-24,69,2023,13000
248,DE-n2-14,28-May-24,114,2023,13000
249,DE-n2-14,22-May-24,407,2023,13000
250,DE-n2-14,07-May-24,165,2023,13000
251,DE-n2-14,29-May-24,1,2023,13000
252,DE-n2-14,07-May-24,463,2023,13000
253,DE-n2-14,18-May-24,615,2023,13000
254,DE-n2-14,25-May-24,661,2023,13000
255,DE-n2-14,17-May-24,264,2023,13000
256,DE-n2-14,09-May-24,441,2024,13000
257,DE-n2-14,15-May-24,721,2024,13000
258,DE-n2-14,19-May-24,975,2024,13000
259,DE-n2-14,17-May-24,1226,2024,13000
260,DE-n2-14,14-May-24,2036,2024,13000
261,DE-n3-15,18-May-24,79,2019,15000
262,DE-n3-15,27-May-24,975,2019,15000
263,DE-n3-15,06-May-24,88,2019,15000
264,DE-n3-15,01-May-24,114,2019,15000
265,DE-n3-15,29-May-24,287,2019,15000
266,DE-n3-15,18-May-24,407,2019,15000
267,DE-n3-15,30-May-24,685,2019,15000
268,DE-n3-15,08-May-24,62,2019,15000
269,DE-n3-15,11-May-24,605,2019,15000
270,DE-n3-15,07-May-24,1336,2019,15000
271,DE-n3-15,09-May-24,931,2019,15000
272,DE-n3-15,05-May-24,306,2019,15000
273,DE-n3-15,24-May-24,152,2020,15000
274,DE-n3-15,11-May-24,173,2020,15000
275,DE-n3-15,09-May-24,490,2020,15000
276,DE-n3-15,22-May-24,878,2020,15000
277,DE-n3-15,01-May-24,500,2020,15000
278,DE-n3-15,09-May-24,1401,2020,15000
279,DE-n3-15,21-May-24,780,2020,15000
280,DE-n3-15,27-May-24,374,2020,15000
281,DE-n3-15,29-May-24,832,2020,15000
282,DE-n3-15,21-May-24,894,2020,15000
283,DE-n3-15,19-May-24,850,2020,15000
284,DE-n3-15,14-May-24,37,2020,15000
285,DE-n3-15,16-May-24,557,2021,15000
286,DE-n3-15,21-May-24,537,2021,15000
287,DE-n3-15,28-May-24,704,2021,15000
288,DE-n3-15,12-May-24,358,2021,15000
289,DE-n3-15,01-May-24,641,2021,15000
290,DE-n3-15,29-May-24,265,2021,15000
291,DE-n3-15,10-May-24,544,2021,15000
292,DE-n3-15,13-May-24,154,2021,15000
293,DE-n3-15,05-May-24,487,2021,15000
294,DE-n3-15,27-May-24,1,2021,15000
295,DE-n3-15,26-May-24,152,2021,15000
296,DE-n3-15,26-May-24,507,2021,15000
297,DE-n3-15,10-May-24,452,2022,15000
298,DE-n3-15,15-May-24,151,2022,15000
299,DE-n3-15,23-May-24,783,2022,15000
300,DE-n3-15,01-May-24,572,2022,15000
301,DE-n3-15,12-May-24,470,2022,15000
302,DE-n3-15,26-May-24,105,2022,15000
303,DE-n3-15,04-May-24,717,2022,15000
304,DE-n3-15,09-May-24,114,2022,15000
305,DE-n3-15,19-May-24,12,2022,15000
306,DE-n3-15,23-May-24,850,2022,15000
307,DE-n3-15,17-May-24,589,2022,15000
308,DE-n3-15,30-May-24,607,2022,15000
309,DE-n3-15,03-May-24,468,2023,15000
310,DE-n3-15,28-May-24,76,2023,15000
311,DE-n3-15,30-May-24,341,2023,15000
312,DE-n3-15,26-May-24,826,2023,15000
313,DE-n3-15,12-May-24,228,2023,15000
314,DE-n3-15,23-May-24,168,2023,15000
315,DE-n3-15,13-May-24,457,2023,15000
316,DE-n3-15,30-May-24,382,2023,15000
317,DE-n3-15,27-May-24,129,2023,15000
318,DE-n3-15,20-May-24,26,2023,15000
319,DE-n3-15,24-May-24,107,2023,15000
320,DE-n3-15,07-May-24,1007,2023,15000
321,DE-n3-15,15-May-24,160,2024,15000
322,DE-n3-15,01-May-24,1804,2024,15000
323,DE-n3-15,27-May-24,1182,2024,15000
324,DE-n3-15,20-May-24,874,2024,15000
325,DE-n3-15,14-May-24,1308,2024,15000
326,DE-ra-17,08-May-24,75,2019,400000
327,DE-ra-17,30-May-24,257,2019,400000
328,DE-ra-17,28-May-24,773,2019,400000
329,DE-ra-17,10-May-24,30,2019,400000
330,DE-ra-17,19-May-24,424,2019,400000
331,DE-ra-17,07-May-24,806,2019,400000
332,DE-ra-17,05-May-24,451,2019,400000
333,DE-ra-17,29-May-24,246,2019,400000
334,DE-ra-17,04-May-24,67,2019,400000
335,DE-ra-17,27-May-24,54,2019,400000
336,DE-ra-17,05-May-24,204,2019,400000
337,DE-ra-17,06-May-24,1019,2019,400000
338,DE-ra-17,24-May-24,707,2020,400000
339,DE-ra-17,20-May-24,146,2020,400000
340,DE-ra-17,02-May-24,452,2020,400000
341,DE-ra-17,14-May-24,165,2020,400000
342,DE-ra-17,05-May-24,268,2020,400000
343,DE-ra-17,17-May-24,1,2020,400000
344,DE-ra-17,15-May-24,72,2020,400000
345,DE-ra-17,14-May-24,381,2020,400000
346,DE-ra-17,11-May-24,612,2020,400000
347,DE-ra-17,26-May-24,1204,2020,400000
348,DE-ra-17,27-May-24,622,2020,400000
349,DE-ra-17,03-May-24,548,2020,400000
350,DE-ra-17,16-May-24,1277,2021,400000
351,DE-ra-17,18-May-24,545,2021,400000
352,DE-ra-17,25-May-24,656,2021,400000
353,DE-ra-17,12-May-24,214,2021,400000
354,DE-ra-17,15-May-24,138,2021,400000
355,DE-ra-17,12-May-24,5,2021,400000
356,DE-ra-17,21-May-24,202,2021,400000
357,DE-ra-17,09-May-24,801,2021,400000
358,DE-ra-17,18-May-24,1334,2021,400000
359,DE-ra-17,03-May-24,763,2021,400000
360,DE-ra-17,02-May-24,283,2021,400000
361,DE-ra-17,26-May-24,122,2021,400000
362,DE-ra-17,03-May-24,523,2022,400000
363,DE-ra-17,15-May-24,11,2022,400000
364,DE-ra-17,28-May-24,720,2022,400000
365,DE-ra-17,05-May-24,356,2022,400000
366,DE-ra-17,30-May-24,1500,2022,400000
367,DE-ra-17,21-May-24,189,2022,400000
368,DE-ra-17,28-May-24,668,2022,400000
369,DE-ra-17,08-May-24,558,2022,400000
370,DE-ra-17,02-May-24,1312,2022,400000
371,DE-ra-17,25-May-24,512,2022,400000
372,DE-ra-17,04-May-24,497,2022,400000
373,DE-ra-17,17-May-24,43,2022,400000
374,DE-ra-17,21-May-24,343,2023,400000
375,DE-ra-17,22-May-24,183,2023,400000
376,DE-ra-17,08-May-24,830,2023,400000
377,DE-ra-17,03-May-24,1113,2023,400000
378,DE-ra-17,13-May-24,398,2023,400000
379,DE-ra-17,08-May-24,10,2023,400000
380,DE-ra-17,27-May-24,874,2023,400000
381,DE-ra-17,29-May-24,564,2023,400000
382,DE-ra-17,12-May-24,50,2023,400000
383,DE-ra-17,28-May-24,673,2023,400000
384,DE-ra-17,28-May-24,145,2023,400000
385,DE-ra-17,05-May-24,283,2023,400000
386,DE-ra-17,30-May-24,834,2024,400000
387,DE-ra-17,07-May-24,1349,2024,400000
388,DE-ra-17,27-May-24,423,2024,400000
389,DE-ra-17,20-May-24,1668,2024,400000
390,DE-ra-17,21-May-24,757,2024,400000
391,LA-A1-6,30-May-24,145,2019,120000
392,LA-A1-6,29-May-24,901,2019,120000
393,LA-A1-6,12-May-24,409,2019,120000
394,LA-A1-6,20-May-24,640,2019,120000
395,LA-A1-6,21-May-24,15,2019,120000
396,LA-A1-6,10-May-24,4,2019,120000
397,LA-A1-6,07-May-24,770,2019,120000
398,LA-A1-6,15-May-24,516,2019,120000
399,LA-A1-6,23-May-24,486,2019,120000
400,LA-A1-6,23-May-24,9,2019,120000
401,LA-A1-6,28-May-24,1157,2019,120000
402,LA-A1-6,16-May-24,1285,2019,120000
403,LA-A1-6,14-May-24,330,2020,120000
404,LA-A1-6,30-May-24,4,2020,120000
405,LA-A1-6,16-May-24,173,2020,120000
406,LA-A1-6,01-May-24,605,2020,120000
407,LA-A1-6,03-May-24,303,2020,120000
408,LA-A1-6,07-May-24,501,2020,120000
409,LA-A1-6,22-May-24,1608,2020,120000
410,LA-A1-6,17-May-24,162,2020,120000
411,LA-A1-6,26-May-24,1012,2020,120000
412,LA-A1-6,21-May-24,598,2020,120000
413,LA-A1-6,10-May-24,304,2020,120000
414,LA-A1-6,17-May-24,37,2020,120000
415,LA-A1-6,24-May-24,481,2021,120000
416,LA-A1-6,30-May-24,255,2021,120000
417,LA-A1-6,24-May-24,55,2021,120000
418,LA-A1-6,14-May-24,175,2021,120000
419,LA-A1-6,09-May-24,1052,2021,120000
420,LA-A1-6,09-May-24,288,2021,120000
421,LA-A1-6,16-May-24,1044,2021,120000
422,LA-A1-6,06-May-24,304,2021,120000
423,LA-A1-6,01-May-24,1165,2021,120000
424,LA-A1-6,28-May-24,375,2021,120000
425,LA-A1-6,24-May-24,372,2021,120000
426,LA-A1-6,21-May-24,675,2021,120000
427,LA-A1-6,12-May-24,36,2022,120000
428,LA-A1-6,27-May-24,657,2022,120000
429,LA-A1-6,09-May-24,399,2022,120000
430,LA-A1-6,03-May-24,911,2022,120000
431,LA-A1-6,07-May-24,13,2022,120000
432,LA-A1-6,09-May-24,473,2022,120000
433,LA-A1-6,28-May-24,294,2022,120000
434,LA-A1-6,05-May-24,10,2022,120000
435,LA-A1-6,22-May-24,121,2022,120000
436,LA-A1-6,08-May-24,129,2022,120000
437,LA-A1-6,25-May-24,311,2022,120000
438,LA-A1-6,10-May-24,361,2023,120000
439,LA-A1-6,20-May-24,147,2023,120000
440,LA-A1-6,16-May-24,153,2023,120000
441,LA-A1-6,27-May-24,290,2023,120000
442,LA-A1-6,05-May-24,535,2023,120000
443,LA-A1-6,22-May-24,100,2023,120000
444,LA-A1-6,24-May-24,135,2023,120000
445,LA-A1-6,26-May-24,1004,2023,120000
446,LA-A1-6,04-May-24,540,2023,120000
447,LA-A1-6,27-May-24,576,2023,120000
448,LA-A1-6,12-May-24,403,2023,120000
449,LA-A1-6,15-May-24,426,2023,120000
450,LA-A1-6,10-May-24,372,2024,120000
451,LA-A1-6,23-May-24,1151,2024,120000
452,LA-A1-6,30-May-24,670,2024,120000
453,LA-A1-6,14-May-24,278,2024,120000
454,LA-A1-6,03-May-24,1339,2024,120000
455,LA-A3-7,14-May-24,265,2019,150000
456,LA-A3-7,30-May-24,9,2019,150000
457,LA-A3-7,30-May-24,166,2019,150000
458,LA-A3-7,10-May-24,408,2019,150000
459,LA-A3-7,15-May-24,140,2019,150000
460,LA-A3-7,16-May-24,244,2019,150000
461,LA-A3-7,19-May-24,1633,2019,150000
462,LA-A3-7,17-May-24,540,2019,150000
463,LA-A3-7,18-May-24,15,2019,150000
464,LA-A3-7,03-May-24,278,2019,150000
465,LA-A3-7,29-May-24,140,2019,150000
466,LA-A3-7,16-May-24,3,2019,150000
467,LA-A3-7,14-May-24,312,2020,150000
468,LA-A3-7,24-May-24,541,2020,150000
469,LA-A3-7,12-May-24,151,2020,150000
470,LA-A3-7,25-May-24,244,2020,150000
471,LA-A3-7,11-May-24,934,2020,150000
472,LA-A3-7,07-May-24,137,2020,150000
473,LA-A3-7,14-May-24,211,2020,150000
474,LA-A3-7,05-May-24,446,2020,150000
475,LA-A3-7,21-May-24,85,2020,150000
476,LA-A3-7,01-May-24,503,2020,150000
477,LA-A3-7,10-May-24,935,2020,150000
478,LA-A3-7,06-May-24,441,2020,150000
479,LA-A3-7,12-May-24,447,2021,150000
480,LA-A3-7,03-May-24,410,2021,150000
481,LA-A3-7,06-May-24,881,2021,150000
482,LA-A3-7,21-May-24,192,2021,150000
483,LA-A3-7,13-May-24,563,2021,150000
484,LA-A3-7,23-May-24,700,2021,150000
485,LA-A3-7,04-May-24,263,2021,150000
486,LA-A3-7,12-May-24,152,2021,150000
487,LA-A3-7,27-May-24,509,2021,150000
488,LA-A3-7,25-May-24,49,2021,150000
489,LA-A3-7,12-May-24,240,2021,150000
490,LA-A3-7,20-May-24,264,2021,150000
491,LA-A3-7,15-May-24,481,2022,150000
492,LA-A3-7,18-May-24,99,2022,150000
493,LA-A3-7,13-May-24,518,2022,150000
494,LA-A3-7,24-May-24,785,2022,150000
495,LA-A3-7,19-May-24,1132,2022,150000
496,LA-A3-7,18-May-24,253,2022,150000
497,LA-A3-7,27-May-24,398,2022,150000
498,LA-A3-7,13-May-24,524,2022,150000
499,LA-A3-7,06-May-24,597,2022,150000
500,LA-A3-7,13-May-24,902,2022,150000
501,LA-A3-7,27-May-24,506,2022,150000
502,LA-A3-7,02-May-24,131,2022,150000
503,LA-A3-7,05-May-24,212,2023,150000
504,LA-A3-7,22-May-24,49,2023,150000
505,LA-A3-7,03-May-24,31,2023,150000
506,LA-A3-7,14-May-24,522,2023,150000
507,LA-A3-7,22-May-24,464,2023,150000
508,LA-A3-7,19-May-24,77,2023,150000
509,LA-A3-7,29-May-24,593,2023,150000
510,LA-A3-7,22-May-24,642,2023,150000
511,LA-A3-7,29-May-24,598,2023,150000
512,LA-A3-7,19-May-24,587,2023,150000
513,LA-A3-7,06-May-24,15,2023,150000
514,LA-A3-7,22-May-24,1180,2023,150000
515,LA-A3-7,28-May-24,429,2024,150000
516,LA-A3-7,30-May-24,1202,2024,150000
517,LA-A3-7,18-May-24,444,2024,150000
518,LA-A3-7,06-May-24,843,2024,150000
519,LA-A3-7,28-May-24,292,2024,150000
520,LA-A5-8,16-May-24,87,2019,300000
521,LA-A5-8,04-May-24,588,2019,300000
522,LA-A5-8,08-May-24,21,2019,300000
523,LA-A5-8,30-May-24,212,2019,300000
524,LA-A5-8,30-May-24,69,2019,300000
525,LA-A5-8,12-May-24,342,2019,300000
526,LA-A5-8,14-May-24,505,2019,300000
527,LA-A5-8,28-May-24,1082,2019,300000
528,LA-A5-8,23-May-24,229,2019,300000
529,LA-A5-8,20-May-24,740,2019,300000
530,LA-A5-8,26-May-24,600,2019,300000
531,LA-A5-8,20-May-24,77,2019,300000
532,LA-A5-8,28-May-24,7,2020,300000
533,LA-A5-8,28-May-24,331,2020,300000
534,LA-A5-8,20-May-24,433,2020,300000
535,LA-A5-8,01-May-24,94,2020,300000
536,LA-A5-8,16-May-24,290,2020,300000
537,LA-A5-8,02-May-24,114,2020,300000
538,LA-A5-8,27-May-24,8,2020,300000
539,LA-A5-8,30-May-24,603,2020,300000
540,LA-A5-8,04-May-24,552,2020,300000
541,LA-A5-8,13-May-24,754,2020,300000
542,LA-A5-8,30-May-24,528,2020,300000
543,LA-A5-8,01-May-24,223,2020,300000
544,LA-A5-8,21-May-24,1181,2021,300000
545,LA-A5-8,07-May-24,505,2021,300000
546,LA-A5-8,16-May-24,823,2021,300000
547,LA-A5-8,09-May-24,695,2021,300000
548,LA-A5-8,08-May-24,159,2021,300000
549,LA-A5-8,27-May-24,958,2021,300000
550,LA-A5-8,30-May-24,62,2021,300000
551,LA-A5-8,13-May-24,553,2021,300000
552,LA-A5-8,11-May-24,594,2021,300000
553,LA-A5-8,17-May-24,516,2021,300000
554,LA-A5-8,05-May-24,4,2021,300000
555,LA-A5-8,29-May-24,798,2021,300000
556,LA-A5-8,11-May-24,260,2022,300000
557,LA-A5-8,20-May-24,12,2022,300000
558,LA-A5-8,10-May-24,996,2022,300000
559,LA-A5-8,06-May-24,193,2022,300000
560,LA-A5-8,28-May-24,162,2022,300000
561,LA-A5-8,21-May-24,79,2022,300000
562,LA-A5-8,20-May-24,77,2022,300000
563,LA-A5-8,28-May-24,35,2022,300000
564,LA-A5-8,24-May-24,613,2022,300000
565,LA-A5-8,16-May-24,139,2022,300000
566,LA-A5-8,16-May-24,431,2022,300000
567,LA-A5-8,08-May-24,1018,2022,300000
568,LA-A5-8,21-May-24,136,2023,300000
569,LA-A5-8,28-May-24,127,2023,300000
570,LA-A5-8,06-May-24,39,2023,300000
571,LA-A5-8,29-May-24,152,2023,300000
572,LA-A5-8,19-May-24,898,2023,300000
573,LA-A5-8,12-May-24,717,2023,300000
574,LA-A5-8,08-May-24,193,2023,300000
575,LA-A5-8,18-May-24,180,2023,300000
576,LA-A5-8,08-May-24,1269,2023,300000
577,LA-A5-8,06-May-24,198,2023,300000
578,LA-A5-8,04-May-24,465,2023,300000
579,LA-A5-8,02-May-24,12,2023,300000
580,LA-A5-8,22-May-24,562,2024,300000
581,LA-A5-8,29-May-24,1150,2024,300000
582,LA-A5-8,13-May-24,1262,2024,300000
583,LA-A5-8,02-May-24,1106,2024,300000
584,LA-A5-8,12-May-24,1637,2024,300000
585,LA-i1-4,15-May-24,465,2019,50000
586,LA-i1-4,20-May-24,176,2019,50000
587,LA-i1-4,28-May-24,158,2019,50000
588,LA-i1-4,25-May-24,1020,2019,50000
589,LA-i1-4,20-May-24,90,2019,50000
590,LA-i1-4,23-May-24,132,2019,50000
591,LA-i1-4,18-May-24,148,2019,50000
592,LA-i1-4,10-May-24,1435,2019,50000
593,LA-i1-4,03-May-24,64,2019,50000
594,LA-i1-4,08-May-24,525,2019,50000
595,LA-i1-4,16-May-24,396,2019,50000
596,LA-i1-4,06-May-24,36,2019,50000
597,LA-i1-4,16-May-24,526,2020,50000
598,LA-i1-4,23-May-24,139,2020,50000
599,LA-i1-4,04-May-24,945,2020,50000
600,LA-i1-4,21-May-24,296,2020,50000
601,LA-i1-4,17-May-24,300,2020,50000
602,LA-i1-4,11-May-24,314,2020,50000
603,LA-i1-4,22-May-24,112,2020,50000
604,LA-i1-4,12-May-24,422,2020,50000
605,LA-i1-4,21-May-24,1090,2020,50000
606,LA-i1-4,13-May-24,708,2020,50000
607,LA-i1-4,26-May-24,1284,2020,50000
608,LA-i1-4,21-May-24,56,2020,50000
609,LA-i1-4,18-May-24,538,2021,50000
610,LA-i1-4,29-May-24,434,2021,50000
611,LA-i1-4,21-May-24,907,2021,50000
612,LA-i1-4,03-May-24,540,2021,50000
613,LA-i1-4,19-May-24,553,2021,50000
614,LA-i1-4,14-May-24,548,2021,50000
615,LA-i1-4,20-May-24,496,2021,50000
616,LA-i1-4,10-May-24,303,2021,50000
617,LA-i1-4,20-May-24,4,2021,50000
618,LA-i1-4,18-May-24,515,2021,50000
619,LA-i1-4,16-May-24,39,2021,50000
620,LA-i1-4,05-May-24,48,2022,50000
621,LA-i1-4,28-May-24,150,2022,50000
622,LA-i1-4,24-May-24,10,2022,50000
623,LA-i1-4,28-May-24,711,2022,50000
624,LA-i1-4,17-May-24,324,2022,50000
625,LA-i1-4,10-May-24,39,2022,50000
626,LA-i1-4,26-May-24,145,2022,50000
627,LA-i1-4,02-May-24,200,2022,50000
628,LA-i1-4,12-May-24,594,2022,50000
629,LA-i1-4,12-May-24,1357,2022,50000
630,LA-i1-4,19-May-24,287,2022,50000
631,LA-i1-4,17-May-24,401,2022,50000
632,LA-i1-4,06-May-24,311,2023,50000
633,LA-i1-4,12-May-24,7,2023,50000
634,LA-i1-4,03-May-24,179,2023,50000
635,LA-i1-4,03-May-24,977,2023,50000
636,LA-i1-4,19-May-24,124,2023,50000
637,LA-i1-4,30-May-24,94,2023,50000
638,LA-i1-4,12-May-24,117,2023,50000
639,LA-i1-4,23-May-24,181,2023,50000
640,LA-i1-4,13-May-24,337,2023,50000
641,LA-i1-4,11-May-24,111,2023,50000
642,LA-i1-4,15-May-24,45,2023,50000
643,LA-i1-4,28-May-24,269,2023,50000
644,LA-i1-4,04-May-24,807,2024,50000
645,LA-i1-4,06-May-24,1467,2024,50000
646,LA-i1-4,03-May-24,1458,2024,50000
647,LA-i1-4,07-May-24,1479,2024,50000
648,LA-i1-4,26-May-24,217,2024,50000
649,LA-i3-5,14-May-24,403,2019,90000
650,LA-i3-5,17-May-24,102,2019,90000
651,LA-i3-5,17-May-24,126,2019,90000
652,LA-i3-5,13-May-24,964,2019,90000
653,LA-i3-5,06-May-24,70,2019,90000
654,LA-i3-5,22-May-24,145,2019,90000
655,LA-i3-5,06-May-24,176,2019,90000
656,LA-i3-5,25-May-24,576,2019,90000
657,LA-i3-5,22-May-24,195,2019,90000
658,LA-i3-5,09-May-24,891,2019,90000
659,LA-i3-5,14-May-24,349,2019,90000
660,LA-i3-5,11-May-24,601,2019,90000
661,LA-i3-5,24-May-24,53,2020,90000
662,LA-i3-5,29-May-24,6,2020,90000
663,LA-i3-5,01-May-24,719,2020,90000
664,LA-i3-5,28-May-24,277,2020,90000
665,LA-i3-5,27-May-24,1051,2020,90000
666,LA-i3-5,07-May-24,583,2020,90000
667,LA-i3-5,10-May-24,457,2020,90000
668,LA-i3-5,19-May-24,966,2020,90000
669,LA-i3-5,08-May-24,302,2020,90000
670,LA-i3-5,14-May-24,197,2020,90000
671,LA-i3-5,07-May-24,781,2020,90000
672,LA-i3-5,27-May-24,617,2020,90000
673,LA-i3-5,17-May-24,326,2021,90000
674,LA-i3-5,30-May-24,102,2021,90000
675,LA-i3-5,18-May-24,1251,2021,90000
676,LA-i3-5,15-May-24,215,2021,90000
677,LA-i3-5,15-May-24,270,2021,90000
678,LA-i3-5,06-May-24,12,2021,90000
679,LA-i3-5,20-May-24,638,2021,90000
680,LA-i3-5,13-May-24,196,2021,90000
681,LA-i3-5,15-May-24,718,2021,90000
682,LA-i3-5,21-May-24,603,2021,90000
683,LA-i3-5,02-May-24,2,2021,90000
684,LA-i3-5,09-May-24,508,2021,90000
685,LA-i3-5,02-May-24,7,2022,90000
686,LA-i3-5,14-May-24,10,2022,90000
687,LA-i3-5,24-May-24,117,2022,90000
688,LA-i3-5,29-May-24,175,2022,90000
689,LA-i3-5,16-May-24,120,2022,90000
690,LA-i3-5,27-May-24,172,2022,90000
691,LA-i3-5,26-May-24,407,2022,90000
692,LA-i3-5,24-May-24,252,2022,90000
693,LA-i3-5,01-May-24,166,2022,90000
694,LA-i3-5,02-May-24,962,2022,90000
695,LA-i3-5,10-May-24,30,2022,90000
696,LA-i3-5,06-May-24,610,2022,90000
697,LA-i3-5,15-May-24,37,2023,90000
698,LA-i3-5,27-May-24,443,2023,90000
699,LA-i3-5,02-May-24,387,2023,90000
700,LA-i3-5,04-May-24,18,2023,90000
701,LA-i3-5,24-May-24,886,2023,90000
702,LA-i3-5,24-May-24,339,2023,90000
703,LA-i3-5,06-May-24,213,2023,90000
704,LA-i3-5,12-May-24,93,2023,90000
705,LA-i3-5,14-May-24,263,2023,90000
706,LA-i3-5,29-May-24,333,2023,90000
707,LA-i3-5,26-May-24,461,2023,90000
708,LA-i3-5,20-May-24,1000,2023,90000
709,LA-i3-5,03-May-24,831,2024,90000
710,LA-i3-5,14-May-24,567,2024,90000
711,LA-i3-5,29-May-24,1083,2024,90000
712,LA-i3-5,06-May-24,484,2024,90000
713,LA-i3-5,06-May-24,306,2024,90000
714,LA-R2-1,23-May-24,257,2019,15000
715,LA-R2-1,13-May-24,754,2019,15000
716,LA-R2-1,15-May-24,101,2019,15000
717,LA-R2-1,03-May-24,404,2019,15000
718,LA-R2-1,18-May-24,22,2019,15000
719,LA-R2-1,16-May-24,445,2019,15000
720,LA-R2-1,18-May-24,10,2019,15000
721,LA-R2-1,16-May-24,1806,2019,15000
722,LA-R2-1,13-May-24,128,2019,15000
723,LA-R2-1,13-May-24,168,2019,15000
724,LA-R2-1,16-May-24,100,2019,15000
725,LA-R2-1,20-May-24,811,2019,15000
726,LA-R2-1,23-May-24,47,2020,15000
727,LA-R2-1,16-May-24,217,2020,15000
728,LA-R2-1,23-May-24,460,2020,15000
729,LA-R2-1,24-May-24,1318,2020,15000
730,LA-R2-1,28-May-24,807,2020,15000
731,LA-R2-1,27-May-24,340,2020,15000
732,LA-R2-1,07-May-24,210,2020,15000
733,LA-R2-1,18-May-24,732,2020,15000
734,LA-R2-1,30-May-24,739,2020,15000
735,LA-R2-1,18-May-24,581,2020,15000
736,LA-R2-1,02-May-24,144,2020,15000
737,LA-R2-1,07-May-24,21,2020,15000
738,LA-R2-1,21-May-24,306,2021,15000
739,LA-R2-1,23-May-24,45,2021,15000
740,LA-R2-1,12-May-24,498,2021,15000
741,LA-R2-1,17-May-24,142,2021,15000
742,LA-R2-1,15-May-24,1011,2021,15000
743,LA-R2-1,04-May-24,186,2021,15000
744,LA-R2-1,03-May-24,766,2021,15000
745,LA-R2-1,29-May-24,461,2021,15000
746,LA-R2-1,22-May-24,24,2021,15000
747,LA-R2-1,24-May-24,132,2021,15000
748,LA-R2-1,22-May-24,74,2021,15000
749,LA-R2-1,23-May-24,244,2021,15000
750,LA-R2-1,28-May-24,36,2022,15000
751,LA-R2-1,19-May-24,23,2022,15000
752,LA-R2-1,06-May-24,310,2022,15000
753,LA-R2-1,23-May-24,56,2022,15000
754,LA-R2-1,15-May-24,1282,2022,15000
755,LA-R2-1,14-May-24,299,2022,15000
756,LA-R2-1,18-May-24,145,2022,15000
757,LA-R2-1,17-May-24,154,2022,15000
758,LA-R2-1,03-May-24,149,2022,15000
759,LA-R2-1,11-May-24,418,2022,15000
760,LA-R2-1,09-May-24,140,2022,15000
761,LA-R2-1,08-May-24,820,2022,15000
762,LA-R2-1,28-May-24,789,2023,15000
763,LA-R2-1,20-May-24,196,2023,15000
764,LA-R2-1,28-May-24,406,2023,15000
765,LA-R2-1,01-May-24,56,2023,15000
766,LA-R2-1,04-May-24,613,2023,15000
767,LA-R2-1,02-May-24,280,2023,15000
768,LA-R2-1,26-May-24,134,2023,15000
769,LA-R2-1,08-May-24,1054,2023,15000
770,LA-R2-1,05-May-24,520,2023,15000
771,LA-R2-1,16-May-24,236,2023,15000
772,LA-R2-1,11-May-24,14,2023,15000
773,LA-R2-1,30-May-24,354,2023,15000
774,LA-R2-1,16-May-24,1636,2024,15000
775,LA-R2-1,17-May-24,840,2024,15000
776,LA-R2-1,15-May-24,653,2024,15000
777,LA-R2-1,29-May-24,730,2024,15000
778,LA-R2-1,01-May-24,1070,2024,15000
779,LA-R3-2,18-May-24,40,2019,25000
780,LA-R3-2,11-May-24,453,2019,25000
781,LA-R3-2,12-May-24,546,2019,25000
782,LA-R3-2,09-May-24,910,2019,25000
783,LA-R3-2,09-May-24,212,2019,25000
784,LA-R3-2,06-May-24,394,2019,25000
785,LA-R3-2,15-May-24,22,2019,25000
786,LA-R3-2,15-May-24,326,2019,25000
787,LA-R3-2,10-May-24,525,2019,25000
788,LA-R3-2,18-May-24,315,2019,25000
789,LA-R3-2,25-May-24,308,2019,25000
790,LA-R3-2,12-May-24,415,2019,25000
791,LA-R3-2,05-May-24,15,2020,25000
792,LA-R3-2,10-May-24,701,2020,25000
793,LA-R3-2,26-May-24,1010,2020,25000
794,LA-R3-2,30-May-24,406,2020,25000
795,LA-R3-2,27-May-24,316,2020,25000
796,LA-R3-2,29-May-24,83,2020,25000
797,LA-R3-2,17-May-24,691,2020,25000
798,LA-R3-2,10-May-24,312,2020,25000
799,LA-R3-2,26-May-24,200,2020,25000
800,LA-R3-2,09-May-24,150,2020,25000
801,LA-R3-2,17-May-24,33,2020,25000
802,LA-R3-2,13-May-24,534,2020,25000
803,LA-R3-2,01-May-24,866,2021,25000
804,LA-R3-2,05-May-24,585,2021,25000
805,LA-R3-2,23-May-24,457,2021,25000
806,LA-R3-2,27-May-24,502,2021,25000
807,LA-R3-2,13-May-24,21,2021,25000
808,LA-R3-2,20-May-24,432,2021,25000
809,LA-R3-2,09-May-24,303,2021,25000
810,LA-R3-2,14-May-24,93,2021,25000
811,LA-R3-2,20-May-24,960,2021,25000
812,LA-R3-2,21-May-24,458,2021,25000
813,LA-R3-2,12-May-24,98,2021,25000
814,LA-R3-2,05-May-24,455,2021,25000
815,LA-R3-2,06-May-24,147,2022,25000
816,LA-R3-2,03-May-24,126,2022,25000
817,LA-R3-2,16-May-24,341,2022,25000
818,LA-R3-2,15-May-24,7,2022,25000
819,LA-R3-2,09-May-24,1767,2022,25000
820,LA-R3-2,22-May-24,198,2022,25000
821,LA-R3-2,04-May-24,377,2022,25000
822,LA-R3-2,25-May-24,35,2022,25000
823,LA-R3-2,30-May-24,260,2022,25000
824,LA-R3-2,20-May-24,636,2022,25000
825,LA-R3-2,30-May-24,329,2022,25000
826,LA-R3-2,13-May-24,135,2022,25000
827,LA-R3-2,04-May-24,7,2023,25000
828,LA-R3-2,22-May-24,225,2023,25000
829,LA-R3-2,21-May-24,511,2023,25000
830,LA-R3-2,04-May-24,100,2023,25000
831,LA-R3-2,04-May-24,249,2023,25000
832,LA-R3-2,16-May-24,238,2023,25000
833,LA-R3-2,29-May-24,707,2023,25000
834,LA-R3-2,10-May-24,1874,2023,25000
835,LA-R3-2,16-May-24,162,2023,25000
836,LA-R3-2,09-May-24,851,2023,25000
837,LA-R3-2,20-May-24,626,2023,25000
838,LA-R3-2,03-May-24,680,2023,25000
839,LA-R3-2,04-May-24,1334,2024,25000
840,LA-R3-2,05-May-24,614,2024,25000
841,LA-R3-2,04-May-24,1850,2024,25000
842,LA-R3-2,04-May-24,364,2024,25000
843,LA-R3-2,17-May-24,781,2024,25000
844,LA-R4-3,24-May-24,208,2019,40000
845,LA-R4-3,27-May-24,591,2019,40000
846,LA-R4-3,27-May-24,393,2019,40000
847,LA-R4-3,18-May-24,6,2019,40000
848,LA-R4-3,24-May-24,572,2019,40000
849,LA-R4-3,11-May-24,982,2019,40000
850,LA-R4-3,06-May-24,93,2019,40000
851,LA-R4-3,24-May-24,1320,2019,40000
852,LA-R4-3,16-May-24,499,2019,40000
853,LA-R4-3,09-May-24,53,2019,40000
854,LA-R4-3,15-May-24,458,2019,40000
855,LA-R4-3,24-May-24,412,2019,40000
856,LA-R4-3,22-May-24,171,2020,40000
857,LA-R4-3,23-May-24,439,2020,40000
858,LA-R4-3,23-May-24,102,2020,40000
859,LA-R4-3,25-May-24,498,2020,40000
860,LA-R4-3,07-May-24,3,2020,40000
861,LA-R4-3,26-May-24,144,2020,40000
862,LA-R4-3,18-May-24,278,2020,40000
863,LA-R4-3,13-May-24,168,2020,40000
864,LA-R4-3,05-May-24,200,2020,40000
865,LA-R4-3,03-May-24,62,2020,40000
866,LA-R4-3,19-May-24,808,2020,40000
867,LA-R4-3,13-May-24,555,2020,40000
868,LA-R4-3,26-May-24,841,2021,40000
869,LA-R4-3,23-May-24,831,2021,40000
870,LA-R4-3,09-May-24,848,2021,40000
871,LA-R4-3,22-May-24,45,2021,40000
872,LA-R4-3,03-May-24,305,2021,40000
873,LA-R4-3,06-May-24,359,2021,40000
874,LA-R4-3,04-May-24,74,2021,40000
875,LA-R4-3,19-May-24,145,2021,40000
876,LA-R4-3,09-May-24,548,2021,40000
877,LA-R4-3,10-May-24,275,2021,40000
878,LA-R4-3,20-May-24,116,2021,40000
879,LA-R4-3,22-May-24,550,2021,40000
880,LA-R4-3,11-May-24,1263,2022,40000
881,LA-R4-3,27-May-24,3,2022,40000
882,LA-R4-3,06-May-24,77,2022,40000
883,LA-R4-3,12-May-24,409,2022,40000
884,LA-R4-3,25-May-24,257,2022,40000
885,LA-R4-3,18-May-24,524,2022,40000
886,LA-R4-3,14-May-24,316,2022,40000
887,LA-R4-3,01-May-24,107,2022,40000
888,LA-R4-3,26-May-24,472,2022,40000
889,LA-R4-3,04-May-24,246,2022,40000
890,LA-R4-3,26-May-24,6,2022,40000
891,LA-R4-3,04-May-24,186,2022,40000
892,LA-R4-3,17-May-24,59,2023,40000
893,LA-R4-3,24-May-24,285,2023,40000
894,LA-R4-3,03-May-24,159,2023,40000
895,LA-R4-3,12-May-24,403,2023,40000
896,LA-R4-3,02-May-24,72,2023,40000
897,LA-R4-3,04-May-24,428,2023,40000
898,LA-R4-3,27-May-24,172,2023,40000
899,LA-R4-3,04-May-24,7,2023,40000
900,LA-R4-3,30-May-24,813,2023,40000
901,LA-R4-3,06-May-24,507,2023,40000
902,LA-R4-3,25-May-24,499,2023,40000
903,LA-R4-3,05-May-24,356,2023,40000
904,LA-R4-3,17-May-24,1179,2024,40000
905,LA-R4-3,04-May-24,524,2024,40000
906,LA-R4-3,01-May-24,1321,2024,40000
907,LA-R4-3,25-May-24,1095,2024,40000
908,LA-R4-3,22-May-24,1179,2024,40000
909,MO-i1-19,13-May-24,232,2019,20000
910,MO-i1-19,03-May-24,8,2019,20000
911,MO-i1-19,30-May-24,584,2019,20000
912,MO-i1-19,01-May-24,209,2019,20000
913,MO-i1-19,04-May-24,180,2019,20000
914,MO-i1-19,04-May-24,173,2019,20000
915,MO-i1-19,09-May-24,692,2019,20000
916,MO-i1-19,09-May-24,383,2019,20000
917,MO-i1-19,20-May-24,788,2019,20000
918,MO-i1-19,14-May-24,169,2019,20000
919,MO-i1-19,10-May-24,363,2019,20000
920,MO-i1-19,17-May-24,127,2019,20000
921,MO-i1-19,01-May-24,260,2020,20000
922,MO-i1-19,29-May-24,90,2020,20000
923,MO-i1-19,21-May-24,192,2020,20000
924,MO-i1-19,15-May-24,77,2020,20000
925,MO-i1-19,24-May-24,464,2020,20000
926,MO-i1-19,26-May-24,317,2020,20000
927,MO-i1-19,26-May-24,217,2020,20000
928,MO-i1-19,02-May-24,799,2020,20000
929,MO-i1-19,30-May-24,312,2020,20000
930,MO-i1-19,11-May-24,49,2020,20000
931,MO-i1-19,17-May-24,546,2020,20000
932,MO-i1-19,28-May-24,996,2020,20000
933,MO-i1-19,04-May-24,405,2021,20000
934,MO-i1-19,17-May-24,455,2021,20000
935,MO-i1-19,21-May-24,613,2021,20000
936,MO-i1-19,05-May-24,737,2021,20000
937,MO-i1-19,13-May-24,14,2021,20000
938,MO-i1-19,24-May-24,5,2021,20000
939,MO-i1-19,02-May-24,87,2021,20000
940,MO-i1-19,22-May-24,1380,2021,20000
941,MO-i1-19,06-May-24,845,2021,20000
942,MO-i1-19,26-May-24,88,2021,20000
943,MO-i1-19,10-May-24,43,2021,20000
944,MO-i1-19,06-May-24,493,2021,20000
945,MO-i1-19,01-May-24,35,2022,20000
946,MO-i1-19,20-May-24,297,2022,20000
947,MO-i1-19,22-May-24,162,2022,20000
948,MO-i1-19,08-May-24,689,2022,20000
949,MO-i1-19,11-May-24,856,2022,20000
950,MO-i1-19,29-May-24,167,2022,20000
951,MO-i1-19,29-May-24,776,2022,20000
952,MO-i1-19,08-May-24,17,2022,20000
953,MO-i1-19,25-May-24,209,2022,20000
954,MO-i1-19,25-May-24,456,2022,20000
955,MO-i1-19,16-May-24,211,2022,20000
956,MO-i1-19,05-May-24,129,2022,20000
957,MO-i1-19,11-May-24,585,2023,20000
958,MO-i1-19,18-May-24,153,2023,20000
959,MO-i1-19,04-May-24,416,2023,20000
960,MO-i1-19,02-May-24,470,2023,20000
961,MO-i1-19,11-May-24,163,2023,20000
962,MO-i1-19,13-May-24,213,2023,20000
963,MO-i1-19,29-May-24,8,2023,20000
964,MO-i1-19,02-May-24,802,2023,20000
965,MO-i1-19,25-May-24,255,2023,20000
966,MO-i1-19,20-May-24,685,2023,20000
967,MO-i1-19,30-May-24,721,2023,20000
968,MO-i1-19,19-May-24,660,2023,20000
969,MO-i1-19,25-May-24,1050,2024,20000
970,MO-i1-19,10-May-24,1076,2024,20000
971,MO-i1-19,22-May-24,763,2024,20000
972,MO-i1-19,20-May-24,1149,2024,20000
973,MO-i1-19,25-May-24,1081,2024,20000
974,MO-i1-23,12-May-24,608,2019,35000
975,MO-i1-23,13-May-24,101,2019,35000
976,MO-i1-23,24-May-24,177,2019,35000
977,MO-i1-23,11-May-24,179,2019,35000
978,MO-i1-23,24-May-24,463,2019,35000
979,MO-i1-23,23-May-24,151,2019,35000
980,MO-i1-23,02-May-24,758,2019,35000
981,MO-i1-23,08-May-24,158,2019,35000
982,MO-i1-23,18-May-24,456,2019,35000
983,MO-i1-23,27-May-24,120,2019,35000
984,MO-i1-23,10-May-24,171,2019,35000
985,MO-i1-23,11-May-24,113,2019,35000
986,MO-i1-23,02-May-24,559,2020,35000
987,MO-i1-23,10-May-24,624,2020,35000
988,MO-i1-23,27-May-24,256,2020,35000
989,MO-i1-23,15-May-24,112,2020,35000
990,MO-i1-23,30-May-24,511,2020,35000
991,MO-i1-23,22-May-24,824,2020,35000
992,MO-i1-23,11-May-24,206,2020,35000
993,MO-i1-23,02-May-24,216,2020,35000
994,MO-i1-23,07-May-24,6,2020,35000
995,MO-i1-23,20-May-24,607,2020,35000
996,MO-i1-23,04-May-24,31,2020,35000
997,MO-i1-23,23-May-24,218,2020,35000
998,MO-i1-23,05-May-24,806,2021,35000
999,MO-i1-23,03-May-24,27,2021,35000
1000,MO-i1-23,14-May-24,70,2021,35000
1001,MO-i1-23,02-May-24,728,2021,35000
1002,MO-i1-23,23-May-24,528,2021,35000
1003,MO-i1-23,12-May-24,861,2021,35000
1004,MO-i1-23,22-May-24,15,2021,35000
1005,MO-i1-23,09-May-24,855,2021,35000
1006,MO-i1-23,02-May-24,303,2021,35000
1007,MO-i1-23,16-May-24,327,2021,35000
1008,MO-i1-23,19-May-24,402,2021,35000
1009,MO-i1-23,01-May-24,634,2021,35000
1010,MO-i1-23,19-May-24,14,2022,35000
1011,MO-i1-23,08-May-24,548,2022,35000
1012,MO-i1-23,02-May-24,593,2022,35000
1013,MO-i1-23,28-May-24,77,2022,35000
1014,MO-i1-23,12-May-24,163,2022,35000
1015,MO-i1-23,08-May-24,363,2022,35000
1016,MO-i1-23,03-May-24,490,2022,35000
1017,MO-i1-23,27-May-24,316,2022,35000
1018,MO-i1-23,30-May-24,148,2022,35000
1019,MO-i1-23,27-May-24,104,2022,35000
1020,MO-i1-23,25-May-24,418,2022,35000
1021,MO-i1-23,23-May-24,48,2022,35000
1022,MO-i1-23,09-May-24,177,2023,35000
1023,MO-i1-23,04-May-24,169,2023,35000
1024,MO-i1-23,30-May-24,223,2023,35000
1025,MO-i1-23,16-May-24,375,2023,35000
1026,MO-i1-23,05-May-24,84,2023,35000
1027,MO-i1-23,21-May-24,420,2023,35000
1028,MO-i1-23,15-May-24,382,2023,35000
1029,MO-i1-23,07-May-24,459,2023,35000
1030,MO-i1-23,01-May-24,221,2023,35000
1031,MO-i1-23,21-May-24,386,2023,35000
1032,MO-i1-23,03-May-24,577,2023,35000
1033,MO-i1-23,19-May-24,5,2023,35000
1034,MO-i1-23,23-May-24,1465,2024,35000
1035,MO-i1-23,21-May-24,1667,2024,35000
1036,MO-i1-23,30-May-24,840,2024,35000
1037,MO-i1-23,08-May-24,723,2024,35000
1038,MO-i1-23,26-May-24,1140,2024,35000
1039,MO-i3-20,14-May-24,284,2019,25000
1040,MO-i3-20,08-May-24,8,2019,25000
1041,MO-i3-20,20-May-24,763,2019,25000
1042,MO-i3-20,15-May-24,718,2019,25000
1043,MO-i3-20,09-May-24,282,2019,25000
1044,MO-i3-20,24-May-24,698,2019,25000
1045,MO-i3-20,15-May-24,438,2019,25000
1046,MO-i3-20,21-May-24,324,2019,25000
1047,MO-i3-20,22-May-24,542,2019,25000
1048,MO-i3-20,07-May-24,456,2019,25000
1049,MO-i3-20,08-May-24,1061,2019,25000
1050,MO-i3-20,22-May-24,98,2019,25000
1051,MO-i3-20,05-May-24,263,2020,25000
1052,MO-i3-20,09-May-24,139,2020,25000
1053,MO-i3-20,06-May-24,366,2020,25000
1054,MO-i3-20,25-May-24,5,2020,25000
1055,MO-i3-20,16-May-24,17,2020,25000
1056,MO-i3-20,25-May-24,647,2020,25000
1057,MO-i3-20,23-May-24,264,2020,25000
1058,MO-i3-20,13-May-24,508,2020,25000
1059,MO-i3-20,26-May-24,558,2020,25000
1060,MO-i3-20,29-May-24,1314,2020,25000
1061,MO-i3-20,25-May-24,241,2020,25000
1062,MO-i3-20,07-May-24,364,2021,25000
1063,MO-i3-20,04-May-24,158,2021,25000
1064,MO-i3-20,25-May-24,629,2021,25000
1065,MO-i3-20,15-May-24,232,2021,25000
1066,MO-i3-20,18-May-24,13,2021,25000
1067,MO-i3-20,07-May-24,509,2021,25000
1068,MO-i3-20,22-May-24,205,2021,25000
1069,MO-i3-20,15-May-24,125,2021,25000
1070,MO-i3-20,15-May-24,513,2021,25000
1071,MO-i3-20,18-May-24,887,2021,25000
1072,MO-i3-20,22-May-24,450,2021,25000
1073,MO-i3-20,28-May-24,652,2021,25000
1074,MO-i3-20,23-May-24,34,2022,25000
1075,MO-i3-20,17-May-24,410,2022,25000
1076,MO-i3-20,26-May-24,108,2022,25000
1077,MO-i3-20,22-May-24,217,2022,25000
1078,MO-i3-20,30-May-24,793,2022,25000
1079,MO-i3-20,26-May-24,41,2022,25000
1080,MO-i3-20,21-May-24,530,2022,25000
1081,MO-i3-20,29-May-24,867,2022,25000
1082,MO-i3-20,29-May-24,301,2022,25000
1083,MO-i3-20,12-May-24,174,2022,25000
1084,MO-i3-20,09-May-24,91,2022,25000
1085,MO-i3-20,11-May-24,176,2022,25000
1086,MO-i3-20,02-May-24,92,2023,25000
1087,MO-i3-20,09-May-24,64,2023,25000
1088,MO-i3-20,29-May-24,524,2023,25000
1089,MO-i3-20,30-May-24,624,2023,25000
1090,MO-i3-20,14-May-24,171,2023,25000
1091,MO-i3-20,20-May-24,855,2023,25000
1092,MO-i3-20,23-May-24,81,2023,25000
1093,MO-i3-20,09-May-24,879,2023,25000
1094,MO-i3-20,14-May-24,517,2023,25000
1095,MO-i3-20,29-May-24,47,2023,25000
1096,MO-i3-20,18-May-24,37,2023,25000
1097,MO-i3-20,27-May-24,240,2023,25000
1098,MO-i3-20,28-May-24,2349,2024,25000
1099,MO-i3-20,07-May-24,437,2024,25000
1100,MO-i3-20,04-May-24,1019,2024,25000
1101,MO-i3-20,06-May-24,475,2024,25000
1102,MO-i3-20,08-May-24,856,2024,25000
1103,MO-i3-24,01-May-24,139,2019,40000
1104,MO-i3-24,09-May-24,2,2019,40000
1105,MO-i3-24,08-May-24,315,2019,40000
1106,MO-i3-24,17-May-24,796,2019,40000
1107,MO-i3-24,23-May-24,70,2019,40000
1108,MO-i3-24,27-May-24,187,2019,40000
1109,MO-i3-24,18-May-24,600,2019,40000
1110,MO-i3-24,09-May-24,608,2019,40000
1111,MO-i3-24,18-May-24,114,2019,40000
1112,MO-i3-24,28-May-24,8,2019,40000
1113,MO-i3-24,02-May-24,854,2019,40000
1114,MO-i3-24,18-May-24,87,2019,40000
1115,MO-i3-24,14-May-24,316,2020,40000
1116,MO-i3-24,14-May-24,356,2020,40000
1117,MO-i3-24,26-May-24,421,2020,40000
1118,MO-i3-24,04-May-24,125,2020,40000
1119,MO-i3-24,09-May-24,816,2020,40000
1120,MO-i3-24,07-May-24,128,2020,40000
1121,MO-i3-24,10-May-24,459,2020,40000
1122,MO-i3-24,21-May-24,250,2020,40000
1123,MO-i3-24,17-May-24,166,2020,40000
1124,MO-i3-24,16-May-24,103,2020,40000
1125,MO-i3-24,27-May-24,211,2020,40000
1126,MO-i3-24,10-May-24,213,2020,40000
1127,MO-i3-24,09-May-24,347,2021,40000
1128,MO-i3-24,07-May-24,1101,2021,40000
1129,MO-i3-24,26-May-24,1156,2021,40000
1130,MO-i3-24,25-May-24,560,2021,40000
1131,MO-i3-24,02-May-24,583,2021,40000
1132,MO-i3-24,04-May-24,162,2021,40000
1133,MO-i3-24,01-May-24,124,2021,40000
1134,MO-i3-24,07-May-24,113,2021,40000
1135,MO-i3-24,26-May-24,923,2021,40000
1136,MO-i3-24,14-May-24,502,2021,40000
1137,MO-i3-24,19-May-24,443,2021,40000
1138,MO-i3-24,29-May-24,232,2021,40000
1139,MO-i3-24,27-May-24,10,2022,40000
1140,MO-i3-24,07-May-24,9,2022,40000
1141,MO-i3-24,27-May-24,157,2022,40000
1142,MO-i3-24,21-May-24,724,2022,40000
1143,MO-i3-24,12-May-24,377,2022,40000
1144,MO-i3-24,02-May-24,688,2022,40000
1145,MO-i3-24,12-May-24,730,2022,40000
1146,MO-i3-24,02-May-24,268,2022,40000
1147,MO-i3-24,24-May-24,187,2022,40000
1148,MO-i3-24,02-May-24,462,2022,40000
1149,MO-i3-24,12-May-24,815,2022,40000
1150,MO-i3-24,06-May-24,602,2022,40000
1151,MO-i3-24,11-May-24,8,2023,40000
1152,MO-i3-24,28-May-24,342,2023,40000
1153,MO-i3-24,05-May-24,59,2023,40000
1154,MO-i3-24,01-May-24,490,2023,40000
1155,MO-i3-24,13-May-24,508,2023,40000
1156,MO-i3-24,18-May-24,229,2023,40000
1157,MO-i3-24,13-May-24,28,2023,40000
1158,MO-i3-24,29-May-24,113,2023,40000
1159,MO-i3-24,09-May-24,494,2023,40000
1160,MO-i3-24,01-May-24,74,2023,40000
1161,MO-i3-24,10-May-24,234,2023,40000
1162,MO-i3-24,14-May-24,434,2023,40000
1163,MO-i3-24,13-May-24,1517,2024,40000
1164,MO-i3-24,01-May-24,565,2024,40000
1165,MO-i3-24,20-May-24,1312,2024,40000
1166,MO-i3-24,16-May-24,1049,2024,40000
1167,MO-i3-24,24-May-24,2452,2024,40000
1168,MO-i5-21,18-May-24,210,2019,30000
1169,MO-i5-21,09-May-24,554,2019,30000
1170,MO-i5-21,19-May-24,8,2019,30000
1171,MO-i5-21,14-May-24,161,2019,30000
1172,MO-i5-21,11-May-24,120,2019,30000
1173,MO-i5-21,06-May-24,296,2019,30000
1174,MO-i5-21,09-May-24,326,2019,30000
1175,MO-i5-21,18-May-24,560,2019,30000
1176,MO-i5-21,28-May-24,987,2019,30000
1177,MO-i5-21,24-May-24,17,2019,30000
1178,MO-i5-21,22-May-24,92,2019,30000
1179,MO-i5-21,25-May-24,200,2019,30000
1180,MO-i5-21,17-May-24,401,2020,30000
1181,MO-i5-21,28-May-24,516,2020,30000
1182,MO-i5-21,17-May-24,492,2020,30000
1183,MO-i5-21,22-May-24,20,2020,30000
1184,MO-i5-21,14-May-24,254,2020,30000
1185,MO-i5-21,30-May-24,396,2020,30000
1186,MO-i5-21,01-May-24,420,2020,30000
1187,MO-i5-21,19-May-24,164,2020,30000
1188,MO-i5-21,03-May-24,6,2020,30000
1189,MO-i5-21,29-May-24,656,2020,30000
1190,MO-i5-21,16-May-24,667,2020,30000
1191,MO-i5-21,16-May-24,201,2020,30000
1192,MO-i5-21,22-May-24,593,2021,30000
1193,MO-i5-21,22-May-24,553,2021,30000
1194,MO-i5-21,08-May-24,219,2021,30000
1195,MO-i5-21,09-May-24,76,2021,30000
1196,MO-i5-21,06-May-24,167,2021,30000
1197,MO-i5-21,11-May-24,7,2021,30000
1198,MO-i5-21,11-May-24,395,2021,30000
1199,MO-i5-21,22-May-24,249,2021,30000
1200,MO-i5-21,22-May-24,1463,2021,30000
1201,MO-i5-21,02-May-24,1094,2021,30000
1202,MO-i5-21,24-May-24,633,2021,30000
1203,MO-i5-21,01-May-24,796,2021,30000
1204,MO-i5-21,06-May-24,11,2022,30000
1205,MO-i5-21,05-May-24,94,2022,30000
1206,MO-i5-21,21-May-24,16,2022,30000
1207,MO-i5-21,05-May-24,607,2022,30000
1208,MO-i5-21,28-May-24,386,2022,30000
1209,MO-i5-21,10-May-24,27,2022,30000
1210,MO-i5-21,01-May-24,528,2022,30000
1211,MO-i5-21,08-May-24,484,2022,30000
1212,MO-i5-21,04-May-24,283,2022,30000
1213,MO-i5-21,08-May-24,390,2022,30000
1214,MO-i5-21,16-May-24,254,2022,30000
1215,MO-i5-21,14-May-24,722,2022,30000
1216,MO-i5-21,04-May-24,516,2023,30000
1217,MO-i5-21,19-May-24,279,2023,30000
1218,MO-i5-21,11-May-24,276,2023,30000
1219,MO-i5-21,23-May-24,363,2023,30000
1220,MO-i5-21,30-May-24,621,2023,30000
1221,MO-i5-21,24-May-24,760,2023,30000
1222,MO-i5-21,06-May-24,132,2023,30000
1223,MO-i5-21,27-May-24,704,2023,30000
1224,MO-i5-21,07-May-24,485,2023,30000
1225,MO-i5-21,30-May-24,451,2023,30000
1226,MO-i5-21,25-May-24,115,2023,30000
1227,MO-i5-21,04-May-24,655,2023,30000
1228,MO-i5-21,21-May-24,293,2024,30000
1229,MO-i5-21,04-May-24,418,2024,30000
1230,MO-i5-21,03-May-24,900,2024,30000
1231,MO-i5-21,19-May-24,1493,2024,30000
1232,MO-i5-21,04-May-24,1176,2024,30000
1233,MO-i5-25,04-May-24,692,2019,55000
1234,MO-i5-25,03-May-24,259,2019,55000
1235,MO-i5-25,28-May-24,563,2019,55000
1236,MO-i5-25,19-May-24,934,2019,55000
1237,MO-i5-25,11-May-24,106,2019,55000
1238,MO-i5-25,24-May-24,361,2019,55000
1239,MO-i5-25,30-May-24,156,2019,55000
1240,MO-i5-25,15-May-24,306,2019,55000
1241,MO-i5-25,26-May-24,125,2019,55000
1242,MO-i5-25,01-May-24,16,2019,55000
1243,MO-i5-25,23-May-24,912,2019,55000
1244,MO-i5-25,20-May-24,222,2019,55000
1245,MO-i5-25,01-May-24,101,2020,55000
1246,MO-i5-25,11-May-24,22,2020,55000
1247,MO-i5-25,11-May-24,397,2020,55000
1248,MO-i5-25,19-May-24,56,2020,55000
1249,MO-i5-25,30-May-24,1033,2020,55000
1250,MO-i5-25,23-May-24,182,2020,55000
1251,MO-i5-25,04-May-24,537,2020,55000
1252,MO-i5-25,01-May-24,658,2020,55000
1253,MO-i5-25,28-May-24,1235,2020,55000
1254,MO-i5-25,08-May-24,365,2020,55000
1255,MO-i5-25,10-May-24,754,2020,55000
1256,MO-i5-25,20-May-24,223,2020,55000
1257,MO-i5-25,07-May-24,407,2021,55000
1258,MO-i5-25,27-May-24,380,2021,55000
1259,MO-i5-25,03-May-24,303,2021,55000
1260,MO-i5-25,29-May-24,999,2021,55000
1261,MO-i5-25,13-May-24,82,2021,55000
1262,MO-i5-25,30-May-24,445,2021,55000
1263,MO-i5-25,02-May-24,71,2021,55000
1264,MO-i5-25,29-May-24,275,2021,55000
1265,MO-i5-25,09-May-24,108,2021,55000
1266,MO-i5-25,21-May-24,14,2021,55000
1267,MO-i5-25,23-May-24,46,2021,55000
1268,MO-i5-25,08-May-24,162,2021,55000
1269,MO-i5-25,23-May-24,744,2022,55000
1270,MO-i5-25,23-May-24,238,2022,55000
1271,MO-i5-25,18-May-24,713,2022,55000
1272,MO-i5-25,06-May-24,44,2022,55000
1273,MO-i5-25,20-May-24,497,2022,55000
1274,MO-i5-25,10-May-24,73,2022,55000
1275,MO-i5-25,27-May-24,188,2022,55000
1276,MO-i5-25,01-May-24,1366,2022,55000
1277,MO-i5-25,13-May-24,307,2022,55000
1278,MO-i5-25,02-May-24,222,2022,55000
1279,MO-i5-25,04-May-24,986,2022,55000
1280,MO-i5-25,07-May-24,634,2022,55000
1281,MO-i5-25,19-May-24,458,2023,55000
1282,MO-i5-25,16-May-24,236,2023,55000
1283,MO-i5-25,25-May-24,442,2023,55000
1284,MO-i5-25,26-May-24,144,2023,55000
1285,MO-i5-25,05-May-24,35,2023,55000
1286,MO-i5-25,24-May-24,112,2023,55000
1287,MO-i5-25,13-May-24,171,2023,55000
1288,MO-i5-25,02-May-24,1020,2023,55000
1289,MO-i5-25,26-May-24,459,2023,55000
1290,MO-i5-25,29-May-24,506,2023,55000
1291,MO-i5-25,09-May-24,166,2023,55000
1292,MO-i5-25,12-May-24,940,2023,55000
1293,MO-i5-25,17-May-24,1008,2024,55000
1294,MO-i5-25,19-May-24,1675,2024,55000
1295,MO-i5-25,22-May-24,599,2024,55000
1296,MO-i5-25,04-May-24,1082,2024,55000
1297,MO-i5-25,18-May-24,1613,2024,55000
1298,MO-i7-22,23-May-24,6,2019,55000
1299,MO-i7-22,06-May-24,12,2019,55000
1300,MO-i7-22,26-May-24,570,2019,55000
1301,MO-i7-22,26-May-24,401,2019,55000
1302,MO-i7-22,02-May-24,154,2019,55000
1303,MO-i7-22,07-May-24,1384,2019,55000
1304,MO-i7-22,30-May-24,603,2019,55000
1305,MO-i7-22,01-May-24,440,2019,55000
1306,MO-i7-22,22-May-24,506,2019,55000
1307,MO-i7-22,26-May-24,105,2019,55000
1308,MO-i7-22,12-May-24,1,2019,55000
1309,MO-i7-22,13-May-24,206,2019,55000
1310,MO-i7-22,20-May-24,555,2020,55000
1311,MO-i7-22,09-May-24,104,2020,55000
1312,MO-i7-22,22-May-24,112,2020,55000
1313,MO-i7-22,30-May-24,282,2020,55000
1314,MO-i7-22,12-May-24,684,2020,55000
1315,MO-i7-22,05-May-24,846,2020,55000
1316,MO-i7-22,28-May-24,600,2020,55000
1317,MO-i7-22,11-May-24,358,2020,55000
1318,MO-i7-22,05-May-24,759,2020,55000
1319,MO-i7-22,20-May-24,1518,2020,55000
1320,MO-i7-22,22-May-24,1260,2020,55000
1321,MO-i7-22,06-May-24,392,2020,55000
1322,MO-i7-22,25-May-24,538,2021,55000
1323,MO-i7-22,09-May-24,48,2021,55000
1324,MO-i7-22,14-May-24,323,2021,55000
1325,MO-i7-22,23-May-24,290,2021,55000
1326,MO-i7-22,13-May-24,248,2021,55000
1327,MO-i7-22,16-May-24,219,2021,55000
1328,MO-i7-22,26-May-24,863,2021,55000
1329,MO-i7-22,28-May-24,272,2021,55000
1330,MO-i7-22,25-May-24,1010,2021,55000
1331,MO-i7-22,10-May-24,527,2021,55000
1332,MO-i7-22,19-May-24,149,2021,55000
1333,MO-i7-22,24-May-24,689,2021,55000
1334,MO-i7-22,28-May-24,113,2022,55000
1335,MO-i7-22,08-May-24,319,2022,55000
1336,MO-i7-22,04-May-24,647,2022,55000
1337,MO-i7-22,29-May-24,407,2022,55000
1338,MO-i7-22,07-May-24,1549,2022,55000
1339,MO-i7-22,21-May-24,112,2022,55000
1340,MO-i7-22,10-May-24,967,2022,55000
1341,MO-i7-22,26-May-24,438,2022,55000
1342,MO-i7-22,28-May-24,4,2022,55000
1343,MO-i7-22,02-May-24,54,2022,55000
1344,MO-i7-22,22-May-24,136,2022,55000
1345,MO-i7-22,06-May-24,117,2022,55000
1346,MO-i7-22,12-May-24,157,2023,55000
1347,MO-i7-22,11-May-24,554,2023,55000
1348,MO-i7-22,21-May-24,54,2023,55000
1349,MO-i7-22,19-May-24,866,2023,55000
1350,MO-i7-22,12-May-24,504,2023,55000
1351,MO-i7-22,16-May-24,746,2023,55000
1352,MO-i7-22,27-May-24,135,2023,55000
1353,MO-i7-22,11-May-24,955,2023,55000
1354,MO-i7-22,16-May-24,887,2023,55000
1355,MO-i7-22,25-May-24,514,2023,55000
1356,MO-i7-22,17-May-24,32,2023,55000
1357,MO-i7-22,11-May-24,411,2023,55000
1358,MO-i7-22,03-May-24,601,2024,55000
1359,MO-i7-22,25-May-24,286,2024,55000
1360,MO-i7-22,15-May-24,1242,2024,55000
1361,MO-i7-22,21-May-24,888,2024,55000
1362,MO-i7-22,11-May-24,1141,2024,55000
1363,TA-i1-9,30-May-24,48,2019,25000
1364,TA-i1-9,23-May-24,909,2019,25000
1365,TA-i1-9,23-May-24,147,2019,25000
1366,TA-i1-9,14-May-24,13,2019,25000
1367,TA-i1-9,06-May-24,37,2019,25000
1368,TA-i1-9,11-May-24,1511,2019,25000
1369,TA-i1-9,08-May-24,711,2019,25000
1370,TA-i1-9,16-May-24,261,2019,25000
1371,TA-i1-9,16-May-24,474,2019,25000
1372,TA-i1-9,19-May-24,131,2019,25000
1373,TA-i1-9,23-May-24,553,2019,25000
1374,TA-i1-9,19-May-24,87,2019,25000
1375,TA-i1-9,17-May-24,11,2020,25000
1376,TA-i1-9,24-May-24,582,2020,25000
1377,TA-i1-9,17-May-24,51,2020,25000
1378,TA-i1-9,07-May-24,366,2020,25000
1379,TA-i1-9,05-May-24,37,2020,25000
1380,TA-i1-9,21-May-24,314,2020,25000
1381,TA-i1-9,27-May-24,519,2020,25000
1382,TA-i1-9,13-May-24,1160,2020,25000
1383,TA-i1-9,17-May-24,502,2020,25000
1384,TA-i1-9,04-May-24,155,2020,25000
1385,TA-i1-9,18-May-24,356,2020,25000
1386,TA-i1-9,23-May-24,469,2020,25000
1387,TA-i1-9,06-May-24,421,2021,25000
1388,TA-i1-9,26-May-24,178,2021,25000
1389,TA-i1-9,01-May-24,69,2021,25000
1390,TA-i1-9,08-May-24,67,2021,25000
1391,TA-i1-9,15-May-24,830,2021,25000
1392,TA-i1-9,15-May-24,303,2021,25000
1393,TA-i1-9,21-May-24,18,2021,25000
1394,TA-i1-9,24-May-24,267,2021,25000
1395,TA-i1-9,03-May-24,730,2021,25000
1396,TA-i1-9,23-May-24,1010,2021,25000
1397,TA-i1-9,19-May-24,9,2021,25000
1398,TA-i1-9,19-May-24,820,2021,25000
1399,TA-i1-9,09-May-24,650,2022,25000
1400,TA-i1-9,12-May-24,1053,2022,25000
1401,TA-i1-9,20-May-24,411,2022,25000
1402,TA-i1-9,29-May-24,124,2022,25000
1403,TA-i1-9,04-May-24,76,2022,25000
1404,TA-i1-9,14-May-24,485,2022,25000
1405,TA-i1-9,21-May-24,219,2022,25000
1406,TA-i1-9,29-May-24,262,2022,25000
1407,TA-i1-9,29-May-24,60,2022,25000
1408,TA-i1-9,04-May-24,1106,2022,25000
1409,TA-i1-9,13-May-24,497,2022,25000
1410,TA-i1-9,24-May-24,12,2022,25000
1411,TA-i1-9,18-May-24,904,2023,25000
1412,TA-i1-9,17-May-24,289,2023,25000
1413,TA-i1-9,29-May-24,856,2023,25000
1414,TA-i1-9,26-May-24,898,2023,25000
1415,TA-i1-9,04-May-24,357,2023,25000
1416,TA-i1-9,12-May-24,640,2023,25000
1417,TA-i1-9,13-May-24,857,2023,25000
1418,TA-i1-9,02-May-24,895,2023,25000
1419,TA-i1-9,01-May-24,560,2023,25000
1420,TA-i1-9,18-May-24,718,2023,25000
1421,TA-i1-9,19-May-24,534,2023,25000
1422,TA-i1-9,06-May-24,686,2023,25000
1423,TA-i1-9,16-May-24,252,2024,25000
1424,TA-i1-9,18-May-24,595,2024,25000
1425,TA-i1-9,21-May-24,1466,2024,25000
1426,TA-i1-9,30-May-24,1543,2024,25000
1427,TA-i1-9,02-May-24,378,2024,25000
1428,TA-i3-10,07-May-24,334,2019,35000
1429,TA-i3-10,06-May-24,294,2019,35000
1430,TA-i3-10,28-May-24,1011,2019,35000
1431,TA-i3-10,03-May-24,503,2019,35000
1432,TA-i3-10,10-May-24,917,2019,35000
1433,TA-i3-10,10-May-24,931,2019,35000
1434,TA-i3-10,01-May-24,575,2019,35000
1435,TA-i3-10,23-May-24,567,2019,35000
1436,TA-i3-10,02-May-24,68,2019,35000
1437,TA-i3-10,25-May-24,655,2019,35000
1438,TA-i3-10,20-May-24,179,2019,35000
1439,TA-i3-10,14-May-24,31,2019,35000
1440,TA-i3-10,11-May-24,97,2020,35000
1441,TA-i3-10,16-May-24,146,2020,35000
1442,TA-i3-10,28-May-24,1225,2020,35000
1443,TA-i3-10,24-May-24,239,2020,35000
1444,TA-i3-10,16-May-24,664,2020,35000
1445,TA-i3-10,19-May-24,265,2020,35000
1446,TA-i3-10,16-May-24,350,2020,35000
1447,TA-i3-10,19-May-24,831,2020,35000
1448,TA-i3-10,21-May-24,192,2020,35000
1449,TA-i3-10,30-May-24,447,2020,35000
1450,TA-i3-10,09-May-24,196,2020,35000
1451,TA-i3-10,28-May-24,211,2020,35000
1452,TA-i3-10,07-May-24,678,2021,35000
1453,TA-i3-10,25-May-24,134,2021,35000
1454,TA-i3-10,04-May-24,478,2021,35000
1455,TA-i3-10,12-May-24,833,2021,35000
1456,TA-i3-10,18-May-24,106,2021,35000
1457,TA-i3-10,07-May-24,201,2021,35000
1458,TA-i3-10,27-May-24,8,2021,35000
1459,TA-i3-10,23-May-24,608,2021,35000
1460,TA-i3-10,06-May-24,264,2021,35000
1461,TA-i3-10,19-May-24,267,2021,35000
1462,TA-i3-10,04-May-24,343,2021,35000
1463,TA-i3-10,09-May-24,127,2021,35000
1464,TA-i3-10,27-May-24,889,2022,35000
1465,TA-i3-10,09-May-24,975,2022,35000
1466,TA-i3-10,18-May-24,175,2022,35000
1467,TA-i3-10,11-May-24,160,2022,35000
1468,TA-i3-10,01-May-24,176,2022,35000
1469,TA-i3-10,19-May-24,186,2022,35000
1470,TA-i3-10,18-May-24,500,2022,35000
1471,TA-i3-10,24-May-24,334,2022,35000
1472,TA-i3-10,24-May-24,150,2022,35000
1473,TA-i3-10,02-May-24,1037,2022,35000
1474,TA-i3-10,06-May-24,428,2022,35000
1475,TA-i3-10,09-May-24,521,2023,35000
1476,TA-i3-10,04-May-24,638,2023,35000
1477,TA-i3-10,01-May-24,968,2023,35000
1478,TA-i3-10,16-May-24,404,2023,35000
1479,TA-i3-10,22-May-24,33,2023,35000
1480,TA-i3-10,27-May-24,20,2023,35000
1481,TA-i3-10,01-May-24,414,2023,35000
1482,TA-i3-10,08-May-24,616,2023,35000
1483,TA-i3-10,12-May-24,10,2023,35000
1484,TA-i3-10,17-May-24,500,2023,35000
1485,TA-i3-10,27-May-24,296,2023,35000
1486,TA-i3-10,29-May-24,652,2023,35000
1487,TA-i3-10,30-May-24,1546,2024,35000
1488,TA-i3-10,23-May-24,395,2024,35000
1489,TA-i3-10,23-May-24,1177,2024,35000
1490,TA-i3-10,22-May-24,1859,2024,35000
1491,TA-i3-10,18-May-24,1712,2024,35000
1492,TA-i5-11,05-May-24,261,2019,40000
1493,TA-i5-11,29-May-24,736,2019,40000
1494,TA-i5-11,22-May-24,225,2019,40000
1495,TA-i5-11,03-May-24,104,2019,40000
1496,TA-i5-11,22-May-24,26,2019,40000
1497,TA-i5-11,24-May-24,403,2019,40000
1498,TA-i5-11,20-May-24,360,2019,40000
1499,TA-i5-11,02-May-24,388,2019,40000
1500,TA-i5-11,11-May-24,520,2019,40000
1501,TA-i5-11,23-May-24,105,2019,40000
1502,TA-i5-11,09-May-24,752,2019,40000
1503,TA-i5-11,08-May-24,737,2019,40000
1504,TA-i5-11,09-May-24,203,2020,40000
1505,TA-i5-11,17-May-24,386,2020,40000
1506,TA-i5-11,21-May-24,612,2020,40000
1507,TA-i5-11,24-May-24,256,2020,40000
1508,TA-i5-11,24-May-24,455,2020,40000
1509,TA-i5-11,17-May-24,198,2020,40000
1510,TA-i5-11,12-May-24,915,2020,40000
1511,TA-i5-11,26-May-24,612,2020,40000
1512,TA-i5-11,24-May-24,753,2020,40000
1513,TA-i5-11,15-May-24,353,2020,40000
1514,TA-i5-11,05-May-24,612,2020,40000
1515,TA-i5-11,06-May-24,602,2020,40000
1516,TA-i5-11,26-May-24,492,2021,40000
1517,TA-i5-11,11-May-24,305,2021,40000
1518,TA-i5-11,13-May-24,580,2021,40000
1519,TA-i5-11,30-May-24,699,2021,40000
1520,TA-i5-11,03-May-24,132,2021,40000
1521,TA-i5-11,22-May-24,482,2021,40000
1522,TA-i5-11,01-May-24,233,2021,40000
1523,TA-i5-11,01-May-24,306,2021,40000
1524,TA-i5-11,24-May-24,500,2021,40000
1525,TA-i5-11,21-May-24,12,2021,40000
1526,TA-i5-11,11-May-24,495,2021,40000
1527,TA-i5-11,21-May-24,57,2022,40000
1528,TA-i5-11,12-May-24,697,2022,40000
1529,TA-i5-11,26-May-24,532,2022,40000
1530,TA-i5-11,21-May-24,101,2022,40000
1531,TA-i5-11,09-May-24,157,2022,40000
1532,TA-i5-11,19-May-24,790,2022,40000
1533,TA-i5-11,17-May-24,201,2022,40000
1534,TA-i5-11,28-May-24,548,2022,40000
1535,TA-i5-11,19-May-24,620,2022,40000
1536,TA-i5-11,01-May-24,291,2022,40000
1537,TA-i5-11,24-May-24,173,2022,40000
1538,TA-i5-11,05-May-24,821,2023,40000
1539,TA-i5-11,27-May-24,232,2023,40000
1540,TA-i5-11,22-May-24,217,2023,40000
1541,TA-i5-11,09-May-24,252,2023,40000
1542,TA-i5-11,24-May-24,174,2023,40000
1543,TA-i5-11,20-May-24,395,2023,40000
1544,TA-i5-11,21-May-24,111,2023,40000
1545,TA-i5-11,07-May-24,1059,2023,40000
1546,TA-i5-11,10-May-24,142,2023,40000
1547,TA-i5-11,13-May-24,1,2023,40000
1548,TA-i5-11,25-May-24,4,2023,40000
1549,TA-i5-11,20-May-24,405,2023,40000
1550,TA-i5-11,05-May-24,1094,2024,40000
1551,TA-i5-11,11-May-24,2687,2024,40000
1552,TA-i5-11,13-May-24,72,2024,40000
1553,TA-i5-11,06-May-24,488,2024,40000
1554,TA-i5-11,23-May-24,1185,2024,40000
1555,TA-i7-12,20-May-24,714,2019,70000
1556,TA-i7-12,12-May-24,14,2019,70000
1557,TA-i7-12,19-May-24,639,2019,70000
1558,TA-i7-12,15-May-24,4,2019,70000
1559,TA-i7-12,09-May-24,557,2019,70000
1560,TA-i7-12,18-May-24,50,2019,70000
1561,TA-i7-12,25-May-24,245,2019,70000
1562,TA-i7-12,23-May-24,317,2019,70000
1563,TA-i7-12,05-May-24,209,2019,70000
1564,TA-i7-12,17-May-24,299,2019,70000
1565,TA-i7-12,30-May-24,1563,2019,70000
1566,TA-i7-12,24-May-24,511,2019,70000
1567,TA-i7-12,10-May-24,261,2020,70000
1568,TA-i7-12,06-May-24,1135,2020,70000
1569,TA-i7-12,09-May-24,435,2020,70000
1570,TA-i7-12,03-May-24,596,2020,70000
1571,TA-i7-12,10-May-24,226,2020,70000
1572,TA-i7-12,06-May-24,693,2020,70000
1573,TA-i7-12,01-May-24,385,2020,70000
1574,TA-i7-12,21-May-24,217,2020,70000
1575,TA-i7-12,06-May-24,652,2020,70000
1576,TA-i7-12,14-May-24,521,2020,70000
1577,TA-i7-12,30-May-24,315,2020,70000
1578,TA-i7-12,04-May-24,472,2020,70000
1579,TA-i7-12,18-May-24,210,2021,70000
1580,TA-i7-12,12-May-24,122,2021,70000
1581,TA-i7-12,18-May-24,553,2021,70000
1582,TA-i7-12,26-May-24,729,2021,70000
1583,TA-i7-12,18-May-24,84,2021,70000
1584,TA-i7-12,11-May-24,673,2021,70000
1585,TA-i7-12,24-May-24,319,2021,70000
1586,TA-i7-12,22-May-24,421,2021,70000
1587,TA-i7-12,01-May-24,469,2021,70000
1588,TA-i7-12,05-May-24,195,2021,70000
1589,TA-i7-12,08-May-24,63,2021,70000
1590,TA-i7-12,12-May-24,565,2022,70000
1591,TA-i7-12,08-May-24,1589,2022,70000
1592,TA-i7-12,27-May-24,877,2022,70000
1593,TA-i7-12,04-May-24,603,2022,70000
1594,TA-i7-12,03-May-24,316,2022,70000
1595,TA-i7-12,15-May-24,197,2022,70000
1596,TA-i7-12,22-May-24,322,2022,70000
1597,TA-i7-12,08-May-24,523,2022,70000
1598,TA-i7-12,09-May-24,67,2022,70000
1599,TA-i7-12,08-May-24,132,2022,70000
1600,TA-i7-12,24-May-24,154,2022,70000
1601,TA-i7-12,16-May-24,419,2022,70000
1602,TA-i7-12,19-May-24,1492,2023,70000
1603,TA-i7-12,07-May-24,84,2023,70000
1604,TA-i7-12,28-May-24,221,2023,70000
1605,TA-i7-12,05-May-24,6,2023,70000
1606,TA-i7-12,17-May-24,146,2023,70000
1607,TA-i7-12,09-May-24,86,2023,70000
1608,TA-i7-12,10-May-24,761,2023,70000
1609,TA-i7-12,17-May-24,1008,2023,70000
1610,TA-i7-12,07-May-24,293,2023,70000
1611,TA-i7-12,03-May-24,458,2023,70000
1612,TA-i7-12,28-May-24,452,2023,70000
1613,TA-i7-12,30-May-24,619,2023,70000
1614,TA-i7-12,06-May-24,1137,2024,70000
1615,TA-i7-12,14-May-24,882,2024,70000
1616,TA-i7-12,05-May-24,907,2024,70000
1617,TA-i7-12,25-May-24,486,2024,70000
1618,TA-i7-12,30-May-24,815,2024,70000
